<?xml version="1.0" encoding="UTF-8"?>
<GenRun Id="impl_1" LaunchPart="xc7a35tcpg236-1" LaunchTime="1668086327">
  <File Type="BITSTR-BMM" Name="TopLevelModule_vga_bd.bmm"/>
  <File Type="OPT-METHODOLOGY-DRC" Name="TopLevelModule_vga_methodology_drc_opted.rpt"/>
  <File Type="INIT-TIMING" Name="TopLevelModule_vga_timing_summary_init.rpt"/>
  <File Type="ROUTE-PWR" Name="TopLevelModule_vga_power_routed.rpt"/>
  <File Type="PA-TCL" Name="TopLevelModule_vga.tcl"/>
  <File Type="OPT-TIMING" Name="TopLevelModule_vga_timing_summary_opted.rpt"/>
  <File Type="OPT-DCP" Name="TopLevelModule_vga_opt.dcp"/>
  <File Type="ROUTE-PWR-SUM" Name="TopLevelModule_vga_power_summary_routed.pb"/>
  <File Type="REPORTS-TCL" Name="TopLevelModule_vga_reports.tcl"/>
  <File Type="OPT-DRC" Name="TopLevelModule_vga_drc_opted.rpt"/>
  <File Type="OPT-HWDEF" Name="TopLevelModule_vga.hwdef"/>
  <File Type="PWROPT-DCP" Name="TopLevelModule_vga_pwropt.dcp"/>
  <File Type="PWROPT-DRC" Name="TopLevelModule_vga_drc_pwropted.rpt"/>
  <File Type="PWROPT-TIMING" Name="TopLevelModule_vga_timing_summary_pwropted.rpt"/>
  <File Type="PLACE-DCP" Name="TopLevelModule_vga_placed.dcp"/>
  <File Type="PLACE-IO" Name="TopLevelModule_vga_io_placed.rpt"/>
  <File Type="PLACE-CLK" Name="TopLevelModule_vga_clock_utilization_placed.rpt"/>
  <File Type="PLACE-UTIL" Name="TopLevelModule_vga_utilization_placed.rpt"/>
  <File Type="PLACE-UTIL-PB" Name="TopLevelModule_vga_utilization_placed.pb"/>
  <File Type="PLACE-CTRL" Name="TopLevelModule_vga_control_sets_placed.rpt"/>
  <File Type="PLACE-SIMILARITY" Name="TopLevelModule_vga_incremental_reuse_placed.rpt"/>
  <File Type="PLACE-PRE-SIMILARITY" Name="TopLevelModule_vga_incremental_reuse_pre_placed.rpt"/>
  <File Type="PLACE-TIMING" Name="TopLevelModule_vga_timing_summary_placed.rpt"/>
  <File Type="POSTPLACE-PWROPT-DCP" Name="TopLevelModule_vga_postplace_pwropt.dcp"/>
  <File Type="BG-BIN" Name="TopLevelModule_vga.bin"/>
  <File Type="POSTPLACE-PWROPT-TIMING" Name="TopLevelModule_vga_timing_summary_postplace_pwropted.rpt"/>
  <File Type="PHYSOPT-DCP" Name="TopLevelModule_vga_physopt.dcp"/>
  <File Type="PHYSOPT-DRC" Name="TopLevelModule_vga_drc_physopted.rpt"/>
  <File Type="BITSTR-MSK" Name="TopLevelModule_vga.msk"/>
  <File Type="PHYSOPT-TIMING" Name="TopLevelModule_vga_timing_summary_physopted.rpt"/>
  <File Type="ROUTE-ERROR-DCP" Name="TopLevelModule_vga_routed_error.dcp"/>
  <File Type="ROUTE-DCP" Name="TopLevelModule_vga_routed.dcp"/>
  <File Type="ROUTE-BLACKBOX-DCP" Name="TopLevelModule_vga_routed_bb.dcp"/>
  <File Type="ROUTE-DRC" Name="TopLevelModule_vga_drc_routed.rpt"/>
  <File Type="ROUTE-DRC-PB" Name="TopLevelModule_vga_drc_routed.pb"/>
  <File Type="ROUTE-DRC-RPX" Name="TopLevelModule_vga_drc_routed.rpx"/>
  <File Type="BITSTR-MMI" Name="TopLevelModule_vga.mmi"/>
  <File Type="ROUTE-METHODOLOGY-DRC" Name="TopLevelModule_vga_methodology_drc_routed.rpt"/>
  <File Type="ROUTE-METHODOLOGY-DRC-RPX" Name="TopLevelModule_vga_methodology_drc_routed.rpx"/>
  <File Type="ROUTE-METHODOLOGY-DRC-PB" Name="TopLevelModule_vga_methodology_drc_routed.pb"/>
  <File Type="ROUTE-PWR-RPX" Name="TopLevelModule_vga_power_routed.rpx"/>
  <File Type="ROUTE-STATUS" Name="TopLevelModule_vga_route_status.rpt"/>
  <File Type="ROUTE-STATUS-PB" Name="TopLevelModule_vga_route_status.pb"/>
  <File Type="ROUTE-TIMINGSUMMARY" Name="TopLevelModule_vga_timing_summary_routed.rpt"/>
  <File Type="ROUTE-TIMING-PB" Name="TopLevelModule_vga_timing_summary_routed.pb"/>
  <File Type="ROUTE-TIMING-RPX" Name="TopLevelModule_vga_timing_summary_routed.rpx"/>
  <File Type="ROUTE-SIMILARITY" Name="TopLevelModule_vga_incremental_reuse_routed.rpt"/>
  <File Type="ROUTE-CLK" Name="TopLevelModule_vga_clock_utilization_routed.rpt"/>
  <File Type="ROUTE-BUS-SKEW" Name="TopLevelModule_vga_bus_skew_routed.rpt"/>
  <File Type="ROUTE-BUS-SKEW-PB" Name="TopLevelModule_vga_bus_skew_routed.pb"/>
  <File Type="ROUTE-BUS-SKEW-RPX" Name="TopLevelModule_vga_bus_skew_routed.rpx"/>
  <File Type="POSTROUTE-PHYSOPT-DCP" Name="TopLevelModule_vga_postroute_physopt.dcp"/>
  <File Type="POSTROUTE-PHYSOPT-BLACKBOX-DCP" Name="TopLevelModule_vga_postroute_physopt_bb.dcp"/>
  <File Type="POSTROUTE-PHYSOPT-TIMING" Name="TopLevelModule_vga_timing_summary_postroute_physopted.rpt"/>
  <File Type="POSTROUTE-PHYSOPT-TIMING-PB" Name="TopLevelModule_vga_timing_summary_postroute_physopted.pb"/>
  <File Type="POSTROUTE-PHYSOPT-TIMING-RPX" Name="TopLevelModule_vga_timing_summary_postroute_physopted.rpx"/>
  <File Type="POSTROUTE-PHYSOPT-BUS-SKEW" Name="TopLevelModule_vga_bus_skew_postroute_physopted.rpt"/>
  <File Type="POSTROUTE-PHYSOPT-BUS-SKEW-PB" Name="TopLevelModule_vga_bus_skew_postroute_physopted.pb"/>
  <File Type="BG-BIT" Name="TopLevelModule_vga.bit"/>
  <File Type="POSTROUTE-PHYSOPT-BUS-SKEW-RPX" Name="TopLevelModule_vga_bus_skew_postroute_physopted.rpx"/>
  <File Type="BITSTR-RBT" Name="TopLevelModule_vga.rbt"/>
  <File Type="BITSTR-NKY" Name="TopLevelModule_vga.nky"/>
  <File Type="PDI-FILE" Name="TopLevelModule_vga.pdi"/>
  <File Type="RCFI_FILE" Name="TopLevelModule_vga.rcfi"/>
  <File Type="CFI_FILE" Name="TopLevelModule_vga.cfi"/>
  <File Type="RNPI_FILE" Name="TopLevelModule_vga.rnpi"/>
  <File Type="NPI_FILE" Name="TopLevelModule_vga.npi"/>
  <File Type="RBD_FILE" Name="TopLevelModule_vga.rbd"/>
  <File Type="BITSTR-LTX" Name="debug_nets.ltx"/>
  <File Type="BITSTR-LTX" Name="TopLevelModule_vga.ltx"/>
  <File Type="BITSTR-SYSDEF" Name="TopLevelModule_vga.sysdef"/>
  <File Type="BG-BGN" Name="TopLevelModule_vga.bgn"/>
  <File Type="BG-DRC" Name="TopLevelModule_vga.drc"/>
  <File Type="RDI-RDI" Name="TopLevelModule_vga.vdi"/>
  <File Type="WBT-USG" Name="usage_statistics_webtalk.html"/>
  <FileSet Name="sources" Type="DesignSrcs" RelSrcDir="$PSRCDIR/sources_1">
    <Filter Type="Srcs"/>
    <File Path="$PSRCDIR/sources_1/new/clk_div.v">
      <FileInfo>
        <Attr Name="UsedIn" Val="synthesis"/>
        <Attr Name="UsedIn" Val="implementation"/>
        <Attr Name="UsedIn" Val="simulation"/>
      </FileInfo>
    </File>
    <File Path="$PSRCDIR/sources_1/new/h_counter.v">
      <FileInfo>
        <Attr Name="UsedIn" Val="synthesis"/>
        <Attr Name="UsedIn" Val="implementation"/>
        <Attr Name="UsedIn" Val="simulation"/>
      </FileInfo>
    </File>
    <File Path="$PSRCDIR/sources_1/new/pixel_gen.v">
      <FileInfo>
        <Attr Name="UsedIn" Val="synthesis"/>
        <Attr Name="UsedIn" Val="implementation"/>
        <Attr Name="UsedIn" Val="simulation"/>
      </FileInfo>
    </File>
    <File Path="$PSRCDIR/sources_1/new/v_counter.v">
      <FileInfo>
        <Attr Name="UsedIn" Val="synthesis"/>
        <Attr Name="UsedIn" Val="implementation"/>
        <Attr Name="UsedIn" Val="simulation"/>
      </FileInfo>
    </File>
    <File Path="$PSRCDIR/sources_1/new/vga_sync.v">
      <FileInfo>
        <Attr Name="UsedIn" Val="synthesis"/>
        <Attr Name="UsedIn" Val="implementation"/>
        <Attr Name="UsedIn" Val="simulation"/>
      </FileInfo>
    </File>
    <File Path="$PSRCDIR/sources_1/new/TopLevelModule_vga.v">
      <FileInfo>
        <Attr Name="UsedIn" Val="synthesis"/>
        <Attr Name="UsedIn" Val="implementation"/>
        <Attr Name="UsedIn" Val="simulation"/>
      </FileInfo>
    </File>
    <File Path="$PSRCDIR/sources_1/new/DeMux.v">
      <FileInfo>
        <Attr Name="AutoDisabled" Val="1"/>
        <Attr Name="UsedIn" Val="synthesis"/>
        <Attr Name="UsedIn" Val="implementation"/>
        <Attr Name="UsedIn" Val="simulation"/>
      </FileInfo>
    </File>
    <File Path="$PSRCDIR/sources_1/new/mux_4_1.v">
      <FileInfo>
        <Attr Name="AutoDisabled" Val="1"/>
        <Attr Name="UsedIn" Val="synthesis"/>
        <Attr Name="UsedIn" Val="implementation"/>
        <Attr Name="UsedIn" Val="simulation"/>
      </FileInfo>
    </File>
    <File Path="$PSRCDIR/sources_1/new/segment_decoder.v">
      <FileInfo>
        <Attr Name="AutoDisabled" Val="1"/>
        <Attr Name="UsedIn" Val="synthesis"/>
        <Attr Name="UsedIn" Val="implementation"/>
        <Attr Name="UsedIn" Val="simulation"/>
      </FileInfo>
    </File>
    <File Path="$PSRCDIR/sources_1/new/topLevelModule.v">
      <FileInfo>
        <Attr Name="AutoDisabled" Val="1"/>
        <Attr Name="UsedIn" Val="synthesis"/>
        <Attr Name="UsedIn" Val="implementation"/>
        <Attr Name="UsedIn" Val="simulation"/>
      </FileInfo>
    </File>
    <File Path="$PSRCDIR/sources_1/new/and_gate.v">
      <FileInfo>
        <Attr Name="UserDisabled" Val="1"/>
        <Attr Name="UsedIn" Val="synthesis"/>
        <Attr Name="UsedIn" Val="implementation"/>
        <Attr Name="UsedIn" Val="simulation"/>
      </FileInfo>
    </File>
    <File Path="$PSRCDIR/sources_1/new/complement_2s.v">
      <FileInfo>
        <Attr Name="UserDisabled" Val="1"/>
        <Attr Name="UsedIn" Val="synthesis"/>
        <Attr Name="UsedIn" Val="implementation"/>
        <Attr Name="UsedIn" Val="simulation"/>
      </FileInfo>
    </File>
    <File Path="$PSRCDIR/sources_1/new/fulladder.v">
      <FileInfo>
        <Attr Name="UserDisabled" Val="1"/>
        <Attr Name="UsedIn" Val="synthesis"/>
        <Attr Name="UsedIn" Val="implementation"/>
        <Attr Name="UsedIn" Val="simulation"/>
      </FileInfo>
    </File>
    <File Path="$PSRCDIR/sources_1/new/my_or.v">
      <FileInfo>
        <Attr Name="UserDisabled" Val="1"/>
        <Attr Name="UsedIn" Val="synthesis"/>
        <Attr Name="UsedIn" Val="implementation"/>
        <Attr Name="UsedIn" Val="simulation"/>
      </FileInfo>
    </File>
    <File Path="$PSRCDIR/sources_1/new/my_xor.v">
      <FileInfo>
        <Attr Name="UserDisabled" Val="1"/>
        <Attr Name="UsedIn" Val="synthesis"/>
        <Attr Name="UsedIn" Val="implementation"/>
        <Attr Name="UsedIn" Val="simulation"/>
      </FileInfo>
    </File>
    <File Path="$PSRCDIR/sources_1/new/threeBitAdder.v">
      <FileInfo>
        <Attr Name="UserDisabled" Val="1"/>
        <Attr Name="UsedIn" Val="synthesis"/>
        <Attr Name="UsedIn" Val="implementation"/>
        <Attr Name="UsedIn" Val="simulation"/>
      </FileInfo>
    </File>
    <File Path="$PSRCDIR/sources_1/new/adder_subtractor.v">
      <FileInfo>
        <Attr Name="UserDisabled" Val="1"/>
        <Attr Name="UsedIn" Val="synthesis"/>
        <Attr Name="UsedIn" Val="implementation"/>
        <Attr Name="UsedIn" Val="simulation"/>
      </FileInfo>
    </File>
    <File Path="$PSRCDIR/sources_1/new/clk_TopLeveLModule.v">
      <FileInfo>
        <Attr Name="AutoDisabled" Val="1"/>
        <Attr Name="UsedIn" Val="synthesis"/>
        <Attr Name="UsedIn" Val="implementation"/>
        <Attr Name="UsedIn" Val="simulation"/>
      </FileInfo>
    </File>
    <Config>
      <Option Name="DesignMode" Val="RTL"/>
      <Option Name="TopModule" Val="TopLevelModule_vga"/>
    </Config>
  </FileSet>
  <FileSet Name="constrs_in" Type="Constrs" RelSrcDir="$PSRCDIR/adder_subtractor_const">
    <File Path="$PSRCDIR/adder_subtractor_const/new/test_and_gate.xdc">
      <FileInfo>
        <Attr Name="UserDisabled" Val="1"/>
        <Attr Name="UsedIn" Val="synthesis"/>
        <Attr Name="UsedIn" Val="implementation"/>
      </FileInfo>
    </File>
    <File Path="$PSRCDIR/adder_subtractor_const/new/TopLevelModule_vga.xdc">
      <FileInfo>
        <Attr Name="UsedIn" Val="synthesis"/>
        <Attr Name="UsedIn" Val="implementation"/>
      </FileInfo>
    </File>
    <Config>
      <Option Name="TargetConstrsFile" Val="$PSRCDIR/adder_subtractor_const/new/TopLevelModule_vga.xdc"/>
      <Option Name="ConstrsType" Val="XDC"/>
    </Config>
  </FileSet>
  <FileSet Name="utils" Type="Utils" RelSrcDir="$PSRCDIR/utils_1">
    <Filter Type="Utils"/>
    <Config>
      <Option Name="TopAutoSet" Val="TRUE"/>
    </Config>
  </FileSet>
  <Strategy Version="1" Minor="2">
    <StratHandle Name="Vivado Implementation Defaults" Flow="Vivado Implementation 2020"/>
    <Step Id="init_design"/>
    <Step Id="opt_design"/>
    <Step Id="power_opt_design"/>
    <Step Id="place_design"/>
    <Step Id="post_place_power_opt_design"/>
    <Step Id="phys_opt_design"/>
    <Step Id="route_design"/>
    <Step Id="post_route_phys_opt_design"/>
    <Step Id="write_bitstream"/>
  </Strategy>
</GenRun>
